klienId,produk
17.0,"['Jasa Transfer Pricing Document', 'Jasa Transfer Pricing Document']"
27.0,"['PPh PASAL 21', 'PPh Badan', 'PPh PASAL 21', 'PPh Badan', 'PPh PASAL 21']"
31.0,"['MEMBERSHIP', 'MEMBERSHIP']"
41.0,"['PPh PASAL 21', 'Jasa Transfer Pricing Document', 'TRANSFER PRICING']"
52.0,['MEMBERSHIP']
63.0,"['EXCEL PPh 21', 'CD PROGRAM PPh 21', 'PPh PASAL 21', 'PPh PASAL 21', 'PPh PASAL 21']"
70.0,"['UPDATE PROGRAM E-SCAN FP', 'WHT & PPN', 'TAX UPDATE', 'PPh Badan']"
88.0,['PPh PASAL 21']
108.0,"['PPh PASAL 21', 'WHT & PPN']"
114.0,"['UPDATE E-Scan FP WAPU', 'TAX UPDATE', 'UPDATE E-Scan FP WAPU', 'TAX UPDATE', 'PPh PASAL 21', 'UPDATE E-Scan FP WAPU']"
122.0,['CORETAX']
137.0,"['MEMBERSHIP', 'MEMBERSHIP', 'MEMBERSHIP', 'MEMBERSHIP', 'E Converter']"
165.0,"['CD PROGRAM PPh 21', 'UPDATE PROGRAM E-SCAN FP', 'UPDATE PROGRAM E-SCAN FP', 'CD PROGRAM PPh 21', 'Program Excel PPh 21', 'e-SCAN FP', 'Program Excel PPh 21']"
168.0,"['PPh PASAL 21', 'PPh Badan', 'PPh PASAL 21']"
174.0,"['PPh PASAL 21', 'PPh PASAL 21', 'PPh PASAL 21']"
185.0,"['PPh PASAL 21', 'PPh PASAL 21', 'PPh PASAL 21']"
203.0,"['UPDATE PROGRAM E-SCAN FP', 'UPDATE PROGRAM E-SCAN FP', 'Jasa Maintenance', 'Jasa Maintenance']"
210.0,['TRANSFER PRICING']
250.0,"['CD PROGRAM PPh 21', 'CD PROGRAM PPh 21']"
252.0,"['CD PROGRAM PPh 21', 'CD PROGRAM PPh 21', 'PPh PASAL 21', 'PPh Badan']"
258.0,"['EXCEL PPh 21', 'PPh PASAL 21', 'PPh PASAL 21', 'PPh PASAL 21', 'PPh PASAL 21', 'PPh PASAL 21']"
262.0,"['EXCEL PPh 21', 'EXCEL PPh 21', 'PPh PASAL 21', 'PPh PASAL 21', 'PPh PASAL 21', 'PPh PASAL 21']"
285.0,"['TAX UPDATE', 'PPh PASAL 21', 'PPh PASAL 21']"
299.0,"['PPh PASAL 21', 'TAX AUDIT']"
311.0,['PPh PASAL 21']
317.0,['PPh PASAL 21']
322.0,"['UPDATE E-Scan FP WAPU', 'UPDATE E-Scan FP WAPU', 'UPDATE E-Scan FP WAPU']"
345.0,"['MEMBERSHIP', 'MEMBERSHIP', 'MEMBERSHIP']"
346.0,['PPh PASAL 21']
349.0,"['CD PROGRAM PPh 21', 'CD PROGRAM PPh 21', 'PPh PASAL 21', 'PPh Badan', 'CORETAX', 'PPh PASAL 21']"
361.0,"['PPh PASAL 21', 'PPh PASAL 21']"
368.0,"['PPh PASAL 21', 'PPh PASAL 21', 'PPh PASAL 21', 'PPh PASAL 21', 'PPh PASAL 21', 'CORETAX', 'PPh PASAL 21']"
376.0,"['Jasa Konsultasi', 'Jasa Konsultasi', 'Jasa Konsultasi', 'Jasa Konsultasi', 'Jasa Konsultasi', 'Jasa Konsultasi', 'Jasa Konsultasi', 'Jasa Konsultasi', 'Jasa Konsultasi', 'Jasa Transfer Pricing Document', 'Jasa Konsultasi', 'Jasa Konsultasi', 'Jasa Konsultasi', 'PPh PASAL 21', 'Jasa Konsultasi']"
377.0,"['Jasa Transfer Pricing Document', 'Jasa Transfer Pricing Document']"
390.0,"['PPh PASAL 21', 'PPh PASAL 21', 'CORETAX']"
409.0,['CD PROGRAM PPh 21']
424.0,['PPh PASAL 21']
444.0,"['PPh PASAL 21', 'PPh PASAL 21']"
446.0,"['PPh PASAL 21', 'UPDATE PROGRAM E-SCAN FP', 'PPh PASAL 21', 'UPDATE PROGRAM E-SCAN FP', 'PPh PASAL 21', 'PPh PASAL 21']"
458.0,['MEMBERSHIP']
484.0,"['TAX UPDATE', 'PPh PASAL 21', 'PPh PASAL 21', 'PPh PASAL 21', 'TAX UPDATE', 'PPh PASAL 21']"
489.0,"['Jasa Transfer Pricing Document', 'Jasa Transfer Pricing Document', 'CD PROGRAM PPh 21', 'EXCEL PPh 21', 'Jasa Transfer Pricing Document', 'Jasa Transfer Pricing Document', 'PPh PASAL 21', 'Jasa Transfer Pricing Document', 'Jasa Transfer Pricing Document', 'TAX AUDIT', 'PPh PASAL 21', 'Jasa Transfer Pricing Document', 'Jasa Transfer Pricing Document', 'PPh Badan']"
501.0,['PPh Badan']
525.0,"['PPh PASAL 21', 'Program Excel PPh 21']"
527.0,['PPh PASAL 21']
537.0,['WHT & PPN']
566.0,['PPh Badan']
584.0,['WHT & PPN']
588.0,"['PPh Badan', 'TAX UPDATE']"
592.0,"['TAX UPDATE', 'WHT & PPN', 'PPh PASAL 21', 'PPh PASAL 21', 'CORETAX', 'WHT & PPN']"
617.0,['PPh PASAL 21']
620.0,"['CD PROGRAM PPh 21', 'PPh Badan', 'IFRS', 'PPh PASAL 21', 'TAX UPDATE', 'PPh PASAL 21']"
622.0,"['PPh PASAL 21', 'PPh PASAL 21']"
626.0,"['CD PROGRAM PPh 21', 'PPh PASAL 21', 'Program Excel PPh 21']"
628.0,['PPh PASAL 21']
636.0,"['MEMBERSHIP', 'UPDATE PROGRAM E-SCAN FP']"
643.0,['UPDATE PROGRAM E-SCAN FP']
645.0,"['CD PROGRAM PPh 21', 'EXCEL PPh 21', 'PPh PASAL 21', 'EXCEL PPh 21', 'EXCEL PPh 21', 'PPh PASAL 21', 'PPh PASAL 21', 'In House Training', 'In House Training', 'Program Excel PPh 21', 'PPh PASAL 21']"
649.0,"['PPh PASAL 21', 'CORETAX']"
650.0,['PPh PASAL 21']
667.0,"['PPh PASAL 21', 'PPh PASAL 21']"
677.0,['In House Training']
679.0,"['EXCEL PPh 21', 'EXCEL PPh 21', 'EXCEL PPh 21', 'PPh PASAL 21', 'PPh PASAL 21', 'PPh Badan', 'PPh PASAL 21', 'PPh PASAL 21', 'EXCEL PPh 21']"
683.0,['PPh PASAL 21']
684.0,['In House Training']
689.0,"['UPDATE PROGRAM E-SCAN FP', 'UPDATE PROGRAM E-SCAN FP', 'UPDATE PROGRAM E-SCAN FP']"
699.0,"['PPh PASAL 21', 'WHT & PPN']"
701.0,"['CD PROGRAM PPh 21', 'CD PROGRAM PPh 21', 'PPh PASAL 21']"
705.0,['PPh PASAL 21']
726.0,"['PPh PASAL 21', 'PPh PASAL 21']"
729.0,"['CD PROGRAM PPh 21', 'PPh PASAL 21', 'PPh PASAL 21', 'PPh PASAL 21']"
730.0,['PPh PASAL 21']
737.0,['CD PROGRAM PPh 21']
745.0,"['CD PROGRAM PPh 21', 'PPh PASAL 21', 'CORETAX']"
776.0,['PPh Badan']
782.0,['CD PROGRAM PPh 21']
784.0,"['PPh Badan', 'PPh PASAL 21']"
787.0,"['UPDATE PROGRAM E-SCAN FP', 'UPDATE PROGRAM E-SCAN FP', 'e-SCAN FP']"
795.0,['PPh PASAL 21']
809.0,"['PPh PASAL 21', 'PPh Badan', 'TAX UPDATE', 'PPh PASAL 21', 'WHT & PPN', 'TAX UPDATE', 'PPh PASAL 21', 'PPh Badan', 'PPh PASAL 21', 'PPh Badan', 'AKUNTANSI PERPAJAKAN', 'WHT & PPN', 'PPh PASAL 21']"
815.0,['PPh PASAL 21']
835.0,['TRANSFER PRICING']
838.0,"['UPDATE PROGRAM E-SCAN FP', 'e-SCAN FP', 'WHT & PPN']"
858.0,"['PPh PASAL 21', 'PPh PASAL 21', 'PPh PASAL 21', 'CORETAX', 'PPh Badan']"
876.0,"['PPh Badan', 'PPh PASAL 21', 'PPh PASAL 21']"
880.0,"['PPh PASAL 21', 'PPh PASAL 21', 'PPh PASAL 21', 'PPh PASAL 21', 'CORETAX']"
882.0,"['UPDATE PROGRAM E-SCAN FP', 'Jasa Transfer Pricing Document', 'Jasa Transfer Pricing Document', 'UPDATE PROGRAM E-SCAN FP', 'Jasa Transfer Pricing Document', 'Jasa Transfer Pricing Document', 'Jasa Transfer Pricing Document', 'Jasa Transfer Pricing Document', 'e-SCAN FP', 'Jasa Transfer Pricing Document']"
884.0,"['PPh PASAL 21', 'PPh PASAL 21', 'PPh PASAL 21', 'PPh PASAL 21']"
889.0,"['PPh PASAL 21', 'PPh PASAL 21']"
902.0,['PPh PASAL 21']
912.0,['PPh PASAL 21']
924.0,"['MEMBERSHIP', 'TAX UPDATE', 'PPh PASAL 21', 'PPh PASAL 21', 'MEMBERSHIP']"
956.0,"['AKUNTANSI PERPAJAKAN', 'CORETAX']"
973.0,['CD PROGRAM PPh 21']
981.0,"['PPh PASAL 21', 'PPh Badan', 'PPh PASAL 21', 'PPh PASAL 21', 'PPh Badan']"
983.0,['PPh PASAL 21']
986.0,"['PPh PASAL 21', 'PPh PASAL 21']"
988.0,"['PPh PASAL 21', 'PPh PASAL 21']"
1010.0,['PPh Badan']
1023.0,"['CD PROGRAM PPh 21', 'CD PROGRAM PPh 21', 'Program Excel PPh 21', 'Program Excel PPh 21']"
1041.0,['PPh PASAL 21']
1081.0,['PPh PASAL 21']
1086.0,"['PPh PASAL 21', 'CD PROGRAM PPh 21', 'PPh PASAL 21', 'Program Excel PPh 21']"
1111.0,"['Internal Tax Review', 'PPh Badan']"
1113.0,['WHT & PPN']
1117.0,"['WHT & PPN', 'PPh Badan']"
1125.0,"['CD PROGRAM PPh 21', 'CD PROGRAM PPh 21', 'Program Excel PPh 21']"
1131.0,['PPh PASAL 21']
1145.0,"['Internal Tax Review', 'PPh PASAL 21', 'In House Training']"
1154.0,"['PPh PASAL 21', 'CORETAX']"
1214.0,"['CD PROGRAM PPh 21', 'PPh PASAL 21', 'Program Excel PPh 21']"
1215.0,"['CD PROGRAM PPh 21', 'EXCEL PPh 21', 'PPh PASAL 21']"
1232.0,"['PPh Badan', 'PPh PASAL 21', 'PPh PASAL 21', 'PPh Badan']"
1250.0,['PPh Badan']
1255.0,"['PPh PASAL 21', 'PPh Badan', 'PPh PASAL 21', 'PPh PASAL 21', 'CORETAX']"
1256.0,"['PPh PASAL 21', 'PPh PASAL 21']"
1272.0,"['CD PROGRAM PPh 21', 'CD PROGRAM PPh 21', 'PPh PASAL 21', 'PPh PASAL 21']"
1273.0,"['CD PROGRAM PPh 21', 'CD PROGRAM PPh 21', 'Program Excel PPh 21']"
1276.0,"['MEMBERSHIP', 'MEMBERSHIP', 'MEMBERSHIP']"
1318.0,['IFRS']
1319.0,['PPh Badan']
1336.0,"['MEMBERSHIP', 'Jasa Transfer Pricing Document', 'MEMBERSHIP', 'PPh Badan', 'Jasa Transfer Pricing Document', 'Jasa Transfer Pricing Document', 'MEMBERSHIP', 'Jasa Transfer Pricing Document', 'Jasa Transfer Pricing Document', 'Jasa Transfer Pricing Document', 'Jasa Transfer Pricing Document', 'MEMBERSHIP']"
1351.0,"['CD PROGRAM PPh 21', 'Program Excel PPh 21', 'PPh PASAL 21']"
1365.0,"['PPh PASAL 21', 'EXCEL PPh 21']"
1371.0,"['CD PROGRAM PPh 21', 'CD PROGRAM PPh 21', 'TAX UPDATE', 'PPh PASAL 21', 'PPh PASAL 21']"
1377.0,"['CD PROGRAM PPh 21', 'CD PROGRAM PPh 21', 'PPh PASAL 21', 'PPh PASAL 21']"
1383.0,"['CD PROGRAM PPh 21', 'CD PROGRAM PPh 21', 'PPh PASAL 21', 'PPh PASAL 21']"
1393.0,"['CD PROGRAM PPh 21', 'PPh Badan', 'PPh PASAL 21', 'Program Excel PPh 21']"
1407.0,['PPh PASAL 21']
1416.0,['TAX UPDATE']
1420.0,"['Jasa Maintenance', 'Jasa Maintenance', 'Jasa Maintenance', 'Jasa Maintenance', 'Jasa Maintenance', 'Jasa Maintenance', 'Jasa Maintenance', 'Jasa Maintenance', 'Jasa Maintenance', 'Jasa Maintenance', 'Jasa Maintenance', 'Jasa Maintenance', 'Jasa Maintenance', 'Jasa Maintenance', 'UPDATE PROGRAM E-SCAN FP', 'PPh PASAL 21', 'Jasa Maintenance', 'Jasa Maintenance', 'Jasa Maintenance', 'Jasa Maintenance', 'Jasa Maintenance', 'Jasa Maintenance', 'Jasa Maintenance', 'Jasa Maintenance', 'Jasa Maintenance', 'Jasa Maintenance', 'Jasa Maintenance', 'UPDATE PROGRAM E-SCAN FP', 'PPh PASAL 21', 'Jasa Maintenance', 'Jasa Maintenance', 'Jasa Maintenance', 'Jasa Maintenance', 'Jasa Maintenance', 'PPh PASAL 21', 'Jasa Maintenance']"
1429.0,"['EXCEL PPh 21', 'PPh PASAL 21', 'PPh PASAL 21', 'PPh PASAL 21', 'PPh PASAL 21']"
1437.0,['PPh PASAL 21']
1443.0,"['UPDATE PROGRAM E-SCAN FP', 'UPDATE PROGRAM E-SCAN FP', 'UPDATE PROGRAM E-SCAN FP']"
1464.0,"['UPDATE PROGRAM E-SCAN FP', 'UPDATE PROGRAM E-SCAN FP', 'e-SCAN FP']"
1476.0,"['PPh PASAL 21', 'CORETAX', 'PPh Badan']"
1481.0,"['PPh PASAL 21', 'PPh PASAL 21', 'PPh PASAL 21', 'TAX UPDATE']"
1489.0,"['PPh PASAL 21', 'PPh PASAL 21', 'MEMBERSHIP']"
1490.0,"['PPh Badan', 'PPh PASAL 21', 'MEMBERSHIP']"
1492.0,['CD PROGRAM PPh 21']
1493.0,['PPh PASAL 21']
1501.0,['CD PROGRAM PPh 21']
1504.0,"['UPDATE PROGRAM E-SCAN FP', 'WHT & PPN']"
1510.0,['PPh PASAL 21']
1517.0,"['WHT & PPN', 'CORETAX']"
1537.0,"['PPh PASAL 21', 'PPh Badan', 'PPh PASAL 21', 'PPh PASAL 21', 'WHT & PPN']"
1566.0,['WHT & PPN']
1596.0,"['PPh PASAL 21', 'PPh PASAL 21']"
1611.0,"['CD PROGRAM PPh 21', 'PPh PASAL 21', 'AKUNTANSI PERPAJAKAN', 'WHT & PPN', 'PPh PASAL 21', 'AKUNTANSI PERPAJAKAN', 'PPh PASAL 21', 'WHT & PPN', 'PPh Badan']"
1624.0,['PPh PASAL 21']
1735.0,"['IFRS', 'PPh PASAL 21', 'COST ACCOUNTING', 'PPh PASAL 21', 'PPh PASAL 21']"
1741.0,"['PPh PASAL 21', 'PPh PASAL 21', 'PPh PASAL 21', 'PPh PASAL 21']"
1753.0,"['MEMBERSHIP', 'MEMBERSHIP', 'EXCEL PPh 21', 'MEMBERSHIP', 'EXCEL PPh 21']"
1754.0,"['PPh PASAL 21', 'PPh PASAL 21', 'PPh PASAL 21', 'WHT & PPN']"
1757.0,['CD PROGRAM PPh 21']
1758.0,"['CD PROGRAM PPh 21', 'UPDATE PROGRAM E-SCAN FP', 'UPDATE PROGRAM E-SCAN FP', 'PPh PASAL 21', 'PPh PASAL 21', 'PPh PASAL 21', 'e-SCAN FP', 'PPh PASAL 21']"
1762.0,"['EXCEL PPh 21', 'PPh PASAL 21', 'Program Excel PPh 21', 'EXCEL PPh 21']"
1765.0,"['EXCEL PPh 21', 'PPh PASAL 21', 'PPh PASAL 21']"
1772.0,"['Jasa Maintenance', 'Jasa Maintenance', 'Jasa Maintenance', 'Jasa Maintenance', 'Jasa Maintenance', 'Jasa Maintenance', 'Jasa Maintenance', 'Jasa Maintenance', 'Jasa Maintenance', 'Jasa Maintenance', 'Jasa Maintenance', 'Jasa Maintenance', 'Jasa Maintenance', 'e-SCAN FP']"
1774.0,['CORETAX']
1775.0,"['PPh PASAL 21', 'WHT & PPN', 'WHT & PPN', 'WHT & PPN', 'PPh PASAL 21', 'PPh PASAL 21', 'PPh PASAL 21', 'WHT & PPN']"
1777.0,"['CD PROGRAM PPh 21', 'PPh PASAL 21', 'PPh PASAL 21', 'Jasa Konsultasi']"
1784.0,"['CD PROGRAM PPh 21', 'CD PROGRAM PPh 21', 'Program Excel PPh 21', 'WHT & PPN', 'PPh PASAL 21']"
1788.0,"['TAX UPDATE', 'WHT & PPN', 'TAX UPDATE']"
1790.0,['CORETAX']
1796.0,"['Jasa Maintenance', 'PPh PASAL 21', 'Jasa Maintenance', 'Jasa Maintenance', 'PPh PASAL 21', 'Jasa Konsultasi', 'COST ACCOUNTING', 'Jasa Konsultasi', 'Jasa Maintenance']"
1798.0,"['TAX UPDATE', 'WHT & PPN', 'TAX UPDATE']"
1800.0,"['PPh PASAL 21', 'TAX UPDATE', 'PPh PASAL 21', 'WHT & PPN']"
1801.0,"['PPh PASAL 21', 'TAX UPDATE', 'PPh PASAL 21']"
1802.0,"['WHT & PPN', 'TAX UPDATE', 'PPh PASAL 21', 'TAX UPDATE']"
1803.0,"['PPh PASAL 21', 'WHT & PPN', 'TAX UPDATE']"
1810.0,"['CD PROGRAM PPh 21', 'CD PROGRAM PPh 21', 'PPh PASAL 21']"
1811.0,"['PPN', 'TAX UPDATE', 'WHT & PPN', 'TAX UPDATE']"
1812.0,"['PPh PASAL 21', 'PPh Badan']"
1813.0,['PPh Badan']
1827.0,"['CD PROGRAM PPh 21', 'PPh PASAL 21']"
1829.0,"['CD PROGRAM PPh 21', 'UPDATE PROGRAM E-SCAN FP', 'UPDATE PROGRAM E-SCAN FP', 'PPh PASAL 21', 'PPh PASAL 21', 'e-SCAN FP', 'PPh PASAL 21']"
1832.0,"['CD PROGRAM PPh 21', 'IFRS']"
1834.0,['Jasa Maintenance']
1857.0,"['Jasa Maintenance', 'Jasa Maintenance', 'Jasa Maintenance', 'Jasa Maintenance', 'Jasa Maintenance', 'Jasa Konsultasi', 'Jasa Konsultasi', 'Jasa Konsultasi', 'Jasa Konsultasi', 'Jasa Konsultasi', 'Jasa Konsultasi', 'Jasa Konsultasi', 'Jasa Konsultasi', 'IFRS', 'In House Training', 'Jasa Konsultasi', 'Jasa Konsultasi', 'Jasa Konsultasi', 'Jasa Konsultasi', 'Jasa Konsultasi', 'Jasa Konsultasi', 'Jasa Konsultasi', 'Jasa Konsultasi', 'Jasa Konsultasi', 'Jasa Konsultasi', 'Jasa Konsultasi', 'PPh PASAL 21', 'Jasa Konsultasi', 'Jasa Konsultasi', 'Jasa Konsultasi', 'Jasa Konsultasi', 'Jasa Konsultasi', 'Jasa Konsultasi', 'Jasa Konsultasi', 'Jasa Konsultasi', 'Jasa Konsultasi']"
1858.0,['PPh PASAL 21']
1860.0,['PPh PASAL 21']
1865.0,['PPh PASAL 21']
1871.0,"['WHT & PPN', 'CORETAX']"
1883.0,"['CD PROGRAM PPh 21', 'CD PROGRAM PPh 21', 'WHT & PPN', 'PPh PASAL 21', 'PPh PASAL 21', 'Jasa Konsultasi', 'PPh PASAL 21']"
1888.0,"['Internal Tax Review', 'PPh PASAL 21', 'PPh PASAL 21']"
1894.0,"['PPh PASAL 21', 'PPh Badan', 'PPh PASAL 21', 'PPh PASAL 21', 'PPh PASAL 21', 'E Converter', 'PPh Badan']"
1895.0,"['PPh PASAL 21', 'PPh PASAL 21', 'PPh PASAL 21', 'WHT & PPN']"
1898.0,"['CD PROGRAM PPh 21', 'EXCEL PPh 21', 'MEMBERSHIP', 'PPh Badan', 'PPh PASAL 21', 'PPh Badan', 'CORETAX', 'PPh PASAL 21']"
1922.0,['PPh Badan']
1928.0,['TRANSFER PRICING']
1930.0,"['PPh PASAL 21', 'CORETAX', 'PPh PASAL 21']"
1932.0,"['In House Training', 'PPh PASAL 21', 'PPh PASAL 21', 'CASH FLOW MANAGEMENT & TREASURY']"
1937.0,"['TAX UPDATE', 'PPh PASAL 21', 'TAX UPDATE', 'PPh Badan', 'WHT & PPN', 'PPh Badan']"
1938.0,"['PPh PASAL 21', 'PPh PASAL 21', 'WHT & PPN', 'PPh Badan', 'PPh PASAL 21', 'CORETAX', 'PPh Badan']"
1940.0,"['TAX UPDATE', 'Internal Tax Review', 'PPh Badan', 'PPh PASAL 21', 'PPh PASAL 21']"
1947.0,['CORETAX']
1948.0,"['PPh PASAL 21', 'WHT & PPN']"
1957.0,"['CD PROGRAM PPh 21', 'PPh PASAL 21', 'PPh PASAL 21', 'PPh PASAL 21']"
1960.0,['PPh PASAL 21']
1963.0,"['UPDATE PROGRAM E-SCAN FP', 'UPDATE PROGRAM E-SCAN FP', 'e-SCAN FP', 'CORETAX']"
1966.0,['TAX UPDATE']
1970.0,"['UPDATE PROGRAM E-SCAN FP', 'TAX UPDATE', 'UPDATE PROGRAM E-SCAN FP', 'PPh PASAL 21', 'e-SCAN FP', 'CORETAX']"
1974.0,['TAX UPDATE']
1975.0,"['PPh PASAL 21', 'CORETAX']"
1981.0,"['PPh PASAL 21', 'EXCEL PPh 21']"
1983.0,"['CD PROGRAM PPh 21', 'CD PROGRAM PPh 21', 'Program Excel PPh 21', 'PPh PASAL 21', 'PPh PASAL 21']"
1997.0,"['WHT & PPN', 'EXIM', 'CORETAX']"
1998.0,"['CD PROGRAM PPh 21', 'CD PROGRAM PPh 21', 'Program Excel PPh 21', 'CORETAX']"
2001.0,"['CORETAX', 'CORETAX']"
2015.0,"['PPh PASAL 21', 'PPh Badan', 'COST ACCOUNTING', 'TAX AUDIT']"
2025.0,['PPh PASAL 21']
2028.0,"['CD PROGRAM PPh 21', 'CD PROGRAM PPh 21', 'PPh Badan', 'PPh PASAL 21', 'PPh PASAL 21', 'PPh PASAL 21']"
2037.0,"['UPDATE PROGRAM E-SCAN FP', 'UPDATE PROGRAM E-SCAN FP', 'e-SCAN FP']"
2039.0,"['MEMBERSHIP', 'MEMBERSHIP', 'MEMBERSHIP', 'MEMBERSHIP', 'EXCEL PPh 21']"
2049.0,"['MEMBERSHIP', 'MEMBERSHIP', 'PPh PASAL 21']"
2063.0,['PPh PASAL 21']
2088.0,"['PPh PASAL 21', 'PPh PASAL 21']"
2089.0,"['Internal Tax Review', 'PPh PASAL 21', 'PPh PASAL 21', 'WHT & PPN', 'PPh PASAL 21']"
2097.0,"['TAX UPDATE', 'PPh PASAL 21', 'MEMBERSHIP', 'CORETAX']"
2104.0,"['UPDATE E-Scan FP WAPU', 'Jasa Transfer Pricing Document', 'Jasa Transfer Pricing Document', 'Jasa Transfer Pricing Document', 'UPDATE E-Scan FP WAPU', 'Jasa Transfer Pricing Document', 'PPh PASAL 21', 'PPh PASAL 21', 'PPh PASAL 21', 'CORETAX', 'PPh Badan']"
2115.0,['PPh PASAL 21']
2151.0,"['Internal Tax Review', 'PPh PASAL 21']"
2152.0,"['CD PROGRAM PPh 21', 'CD PROGRAM PPh 21', 'PPh PASAL 21']"
2153.0,"['PPh PASAL 21', 'PPh PASAL 21', 'PPh PASAL 21', 'PPh PASAL 21', 'PPh PASAL 21']"
2158.0,['CD PROGRAM PPh 21']
2163.0,['CD PROGRAM PPh 21']
2166.0,"['PPh PASAL 21', 'PPh PASAL 21']"
2167.0,"['CD PROGRAM PPh 21', 'CD PROGRAM PPh 21', 'Program Excel PPh 21', 'CORETAX']"
2170.0,"['PPh Badan', 'WHT & PPN']"
2179.0,"['CD PROGRAM PPh 21', 'CD PROGRAM PPh 21']"
2183.0,['PPh PASAL 21']
2187.0,['PPh PASAL 21']
2194.0,"['WHT & PPN', 'PPh PASAL 21']"
2199.0,['PPh PASAL 21']
2200.0,"['UPDATE PROGRAM E-SCAN FP', 'UPDATE PROGRAM E-SCAN FP', 'e-SCAN FP']"
2210.0,"['CD PROGRAM PPh 21', 'Program Excel PPh 21', 'WHT & PPN', 'PPh PASAL 21']"
2211.0,"['PPh PASAL 21', 'PPh PASAL 21', 'WHT & PPN', 'PPh PASAL 21']"
2212.0,"['UPDATE PROGRAM E-SCAN FP', 'UPDATE PROGRAM E-SCAN FP', 'e-SCAN FP']"
2218.0,"['UPDATE PROGRAM E-SCAN FP', 'TAX UPDATE', 'UPDATE PROGRAM E-SCAN FP', 'e-SCAN FP']"
2220.0,"['UPDATE PROGRAM E-SCAN FP', 'UPDATE PROGRAM E-SCAN FP', 'e-SCAN FP']"
2228.0,['CORETAX']
2232.0,['PPh PASAL 21']
2247.0,"['CD PROGRAM PPh 21', 'CD PROGRAM PPh 21', 'PPh PASAL 21', 'Program Excel PPh 21']"
2251.0,"['PPh PASAL 21', 'PPh PASAL 21', 'PPh PASAL 21', 'CORETAX']"
2252.0,"['CD PROGRAM PPh 21', 'CD PROGRAM PPh 21', 'EXCEL PPh 21']"
2274.0,"['PPh PASAL 21', 'Jasa Konsultasi', 'PPh PASAL 21', 'PPh PASAL 21', 'Jasa Konsultasi', 'PPh PASAL 21', 'PPh PASAL 21']"
2282.0,"['PPh PASAL 21', 'PPh PASAL 21']"
2297.0,"['PPh PASAL 21', 'PPh PASAL 21', 'CORETAX', 'PPh Badan', 'TAX UPDATE']"
2305.0,"['PPh PASAL 21', 'WHT & PPN', 'PPh Badan', 'PPh Badan']"
2320.0,"['UPDATE PROGRAM E-SCAN FP', 'e-SCAN FP']"
2346.0,"['UPDATE PROGRAM E-SCAN FP', 'UPDATE PROGRAM E-SCAN FP', 'UPDATE PROGRAM E-SCAN FP', 'UPDATE PROGRAM E-SCAN FP']"
2352.0,"['UPDATE PROGRAM E-SCAN FP', 'UPDATE PROGRAM E-SCAN FP', 'UPDATE PROGRAM E-SCAN FP']"
2354.0,"['UPDATE PROGRAM E-SCAN FP', 'UPDATE PROGRAM E-SCAN FP', 'PPh PASAL 21']"
2358.0,"['UPDATE PROGRAM E-SCAN FP', 'UPDATE PROGRAM E-SCAN FP']"
2360.0,"['PPh PASAL 21', 'PPh PASAL 21']"
2369.0,"['UPDATE PROGRAM E-SCAN FP', 'Jasa Transfer Pricing Document', 'UPDATE PROGRAM E-SCAN FP', 'Jasa Transfer Pricing Document', 'Jasa Transfer Pricing Document', 'Jasa Transfer Pricing Document', 'Jasa Transfer Pricing Document', 'e-SCAN FP', 'Jasa Transfer Pricing Document', 'Jasa Transfer Pricing Document']"
2371.0,['AKUNTANSI PERPAJAKAN']
2372.0,"['UPDATE PROGRAM E-SCAN FP', 'UPDATE PROGRAM E-SCAN FP']"
2375.0,['PPh PASAL 21']
2387.0,"['UPDATE PROGRAM E-SCAN FP', 'UPDATE PROGRAM E-SCAN FP', 'UPDATE PROGRAM E-SCAN FP', 'PPh PASAL 21', 'Jasa Konsultasi', 'Jasa Konsultasi']"
2389.0,"['UPDATE PROGRAM E-SCAN FP', 'UPDATE PROGRAM E-SCAN FP', 'e-SCAN FP']"
2390.0,['Program Excel PPh 21']
2393.0,"['CD PROGRAM PPh 21', 'TAX UPDATE', 'PPh PASAL 21', 'PPh PASAL 21']"
2394.0,"['PPh PASAL 21', 'CORETAX', 'PPh PASAL 21']"
2399.0,"['EXCEL PPh 21', 'EXCEL PPh 21', 'CORETAX', 'PPh PASAL 21', 'EXCEL PPh 21', 'EXCEL PPh 21']"
2403.0,"['PPh PASAL 21', 'In House Training', 'WHT & PPN']"
2405.0,"['UPDATE PROGRAM E-SCAN FP', 'PPh PASAL 21', 'UPDATE PROGRAM E-SCAN FP', 'PPh PASAL 21', 'In House Training', 'e-SCAN FP', 'PPh PASAL 21', 'TRANSFER PRICING', 'WHT & PPN']"
2409.0,['PPh PASAL 21']
2410.0,"['UPDATE PROGRAM E-SCAN FP', 'UPDATE PROGRAM E-SCAN FP', 'e-SCAN FP']"
2411.0,"['EXCEL PPh 21', 'EXCEL PPh 21']"
2414.0,"['MEMBERSHIP', 'MEMBERSHIP', 'MEMBERSHIP']"
2415.0,['PPh PASAL 21']
2419.0,"['PPh PASAL 21', 'PPh PASAL 21', 'PPh PASAL 21', 'PPh Badan']"
2421.0,"['UPDATE PROGRAM E-SCAN FP', 'UPDATE PROGRAM E-SCAN FP']"
2432.0,"['CD PROGRAM PPh 21', 'CD PROGRAM PPh 21']"
2433.0,['PPh PASAL 21']
2436.0,"['UPDATE PROGRAM E-SCAN FP', 'UPDATE PROGRAM E-SCAN FP', 'e-SCAN FP']"
2446.0,"['UPDATE PROGRAM E-SCAN FP', 'UPDATE PROGRAM E-SCAN FP']"
2450.0,['PPh PASAL 21']
2458.0,"['UPDATE PROGRAM E-SCAN FP', 'UPDATE PROGRAM E-SCAN FP', 'e-SCAN FP']"
2459.0,['Jasa Konsultasi']
2462.0,['PPh PASAL 21']
2468.0,['CD PROGRAM PPh 21']
2478.0,"['UPDATE PROGRAM E-SCAN FP', 'UPDATE PROGRAM E-SCAN FP', 'PPh PASAL 21']"
2493.0,['IFRS']
2495.0,"['WHT & PPN', 'TAX UPDATE']"
2505.0,['MEMBERSHIP']
2523.0,"['Jasa Transfer Pricing Document', 'TAX UPDATE', 'WHT & PPN']"
2524.0,"['UPDATE PROGRAM E-SCAN FP', 'UPDATE PROGRAM E-SCAN FP', 'e-SCAN FP']"
2525.0,"['Jasa Maintenance', 'Jasa Konsultasi', 'Jasa Konsultasi', 'Jasa Maintenance']"
2535.0,"['TAX UPDATE', 'WHT & PPN', 'TAX UPDATE']"
2537.0,"['TAX UPDATE', 'PPh PASAL 21', 'AKUNTANSI PERPAJAKAN']"
2538.0,"['CD PROGRAM PPh 21', 'Program Excel PPh 21', 'PPh PASAL 21']"
2554.0,"['UPDATE PROGRAM E-SCAN FP', 'UPDATE PROGRAM E-SCAN FP', 'e-SCAN FP']"
2565.0,"['PPh PASAL 21', 'WHT & PPN']"
2570.0,"['UPDATE PROGRAM E-SCAN FP', 'UPDATE PROGRAM E-SCAN FP', 'e-SCAN FP']"
2577.0,"['PPh PASAL 21', 'PPh PASAL 21']"
2582.0,"['PPh PASAL 21', 'EXCEL PPh 21', 'PPh PASAL 21', 'EXCEL PPh 21']"
2592.0,"['WHT & PPN', 'PPh PASAL 21', 'PPh PASAL 21', 'TAX UPDATE']"
2597.0,['PPh Badan']
2619.0,['CORETAX']
2620.0,"['UPDATE PROGRAM E-SCAN FP', 'UPDATE PROGRAM E-SCAN FP', 'e-SCAN FP']"
2621.0,"['UPDATE PROGRAM E-SCAN FP', 'UPDATE PROGRAM E-SCAN FP', 'e-SCAN FP']"
2623.0,['IFRS']
2627.0,['UPDATE PROGRAM E-SCAN FP']
2636.0,"['Internal Tax Review', 'WHT & PPN']"
2651.0,"['PPh PASAL 21', 'PPh Badan']"
2656.0,"['UPDATE PROGRAM E-SCAN FP', 'UPDATE PROGRAM E-SCAN FP', 'e-SCAN FP']"
2659.0,['Jasa Maintenance']
2663.0,"['UPDATE PROGRAM E-SCAN FP', 'UPDATE PROGRAM E-SCAN FP']"
2675.0,['TAX UPDATE']
2679.0,['PPh PASAL 21']
2684.0,"['Jasa Transfer Pricing Document', 'Jasa Transfer Pricing Document', 'Jasa Transfer Pricing Document', 'Jasa Transfer Pricing Document']"
2697.0,"['PPh PASAL 21', 'PPh PASAL 21', 'PPh PASAL 21']"
2702.0,"['PPh PASAL 21', 'PPh PASAL 21']"
2703.0,"['CD PROGRAM PPh 21', 'EXCEL PPh 21']"
2706.0,"['PPh PASAL 21', 'PPh PASAL 21', 'PPh PASAL 21', 'PPh PASAL 21']"
2711.0,"['TAX UPDATE', 'Internal Tax Review', 'PPh PASAL 21']"
2722.0,['PPh PASAL 21']
2723.0,"['TAX UPDATE', 'WHT & PPN']"
2724.0,"['CD PROGRAM PPh 21', 'PPh PASAL 21', 'Program Excel PPh 21', 'PPh PASAL 21']"
2740.0,"['TAX UPDATE', 'IFRS', 'CORETAX']"
2746.0,"['PPh PASAL 21', 'CD PROGRAM PPh 21', 'PPh PASAL 21', 'COST ACCOUNTING', 'TAX AUDIT', 'PPh PASAL 21', 'WHT & PPN']"
2754.0,"['UPDATE PROGRAM E-SCAN FP', 'UPDATE PROGRAM E-SCAN FP', 'e-SCAN FP']"
2755.0,"['UPDATE PROGRAM E-SCAN FP', 'UPDATE PROGRAM E-SCAN FP', 'e-SCAN FP']"
2758.0,"['UPDATE PROGRAM E-SCAN FP', 'UPDATE PROGRAM E-SCAN FP']"
2776.0,"['UPDATE PROGRAM E-SCAN FP', 'UPDATE PROGRAM E-SCAN FP', 'e-SCAN FP']"
2784.0,"['UPDATE PROGRAM E-SCAN FP', 'UPDATE PROGRAM E-SCAN FP', 'e-SCAN FP']"
2785.0,['PPh PASAL 21']
2789.0,"['Jasa Transfer Pricing Document', 'Jasa Transfer Pricing Document', 'Jasa Transfer Pricing Document', 'Internal Tax Review', 'Jasa Transfer Pricing Document', 'PPh Badan']"
2791.0,['PPh PASAL 21']
2792.0,"['CD PROGRAM PPh 21', 'UPDATE PROGRAM E-SCAN FP', 'UPDATE PROGRAM E-SCAN FP', 'CD PROGRAM PPh 21', 'Program Excel PPh 21', 'PPh PASAL 21', 'WHT & PPN', 'TAX UPDATE']"
2800.0,['PPh PASAL 21']
2801.0,"['Jasa Transfer Pricing Document', 'PPh PASAL 21', 'Jasa Transfer Pricing Document', 'Jasa Maintenance', 'Jasa Transfer Pricing Document', 'Jasa Maintenance', 'Jasa Maintenance']"
2803.0,"['UPDATE PROGRAM E-SCAN FP', 'UPDATE PROGRAM E-SCAN FP', 'e-SCAN FP']"
2810.0,['PPh PASAL 21']
2813.0,['PPh PASAL 21']
2819.0,"['UPDATE PROGRAM E-SCAN FP', 'PPh PASAL 21', 'PPh PASAL 21', 'PPh PASAL 21', 'TAX UPDATE']"
2860.0,"['CD PROGRAM PPh 21', 'CD PROGRAM PPh 21', 'Program Excel PPh 21', 'Program Excel PPh 21']"
2862.0,['PPh PASAL 21']
2865.0,['TAX UPDATE']
2890.0,"['WHT & PPN', 'PPh PASAL 21', 'TAX UPDATE']"
2891.0,"['WHT & PPN', 'TAX UPDATE', 'WHT & PPN']"
2892.0,"['PPh PASAL 21', 'PPh PASAL 21', 'WHT & PPN']"
2903.0,"['CD PROGRAM PPh 21', 'PPh PASAL 21', 'PPh PASAL 21']"
2906.0,['UPDATE PROGRAM E-SCAN FP']
2907.0,"['Internal Tax Review', 'PPh PASAL 21', 'PPh PASAL 21', 'PPh PASAL 21']"
2908.0,"['UPDATE PROGRAM E-SCAN FP', 'UPDATE PROGRAM E-SCAN FP', 'PPh PASAL 21', 'PPh PASAL 21', 'PPh PASAL 21', 'PPh PASAL 21', 'e-SCAN FP', 'PPh PASAL 21', 'TAX UPDATE']"
2911.0,"['MEMBERSHIP', 'PPh PASAL 21']"
2928.0,['CD PROGRAM PPh 21']
2929.0,"['CD PROGRAM PPh 21', 'CD PROGRAM PPh 21', 'Program Excel PPh 21', 'WHT & PPN', 'PPh PASAL 21']"
2932.0,"['PPh PASAL 21', 'PPh PASAL 21', 'PPh PASAL 21', 'TRANSFER PRICING', 'PPh PASAL 21', 'PPh PASAL 21', 'WHT & PPN']"
2941.0,"['CD PROGRAM PPh 21', 'CD PROGRAM PPh 21', 'PPh PASAL 21', 'PPh PASAL 21']"
2945.0,"['UPDATE PROGRAM E-SCAN FP', 'UPDATE PROGRAM E-SCAN FP', 'e-SCAN FP']"
2948.0,"['UPDATE PROGRAM E-SCAN FP', 'UPDATE PROGRAM E-SCAN FP', 'e-SCAN FP']"
2949.0,"['TAX UPDATE', 'Jasa Transfer Pricing Document', 'PPh PASAL 21', 'Jasa Transfer Pricing Document', 'Jasa Transfer Pricing Document', 'Jasa Transfer Pricing Document']"
2950.0,"['UPDATE PROGRAM E-SCAN FP', 'UPDATE PROGRAM E-SCAN FP', 'e-SCAN FP']"
2959.0,"['UPDATE PROGRAM E-SCAN FP', 'UPDATE PROGRAM E-SCAN FP']"
2965.0,['PPh PASAL 21']
2966.0,"['UPDATE PROGRAM E-SCAN FP', 'UPDATE PROGRAM E-SCAN FP', 'e-SCAN FP']"
2970.0,['PPh PASAL 21']
2972.0,"['PPh PASAL 21', 'CORETAX']"
2973.0,"['PPh PASAL 21', 'PPh Badan']"
2974.0,"['UPDATE PROGRAM E-SCAN FP', 'CD PROGRAM PPh 21']"
2975.0,['UPDATE PROGRAM E-SCAN FP']
2976.0,['UPDATE PROGRAM E-SCAN FP']
2977.0,"['CD PROGRAM PPh 21', 'UPDATE PROGRAM E-SCAN FP']"
2983.0,['EXIM']
2997.0,"['PPh PASAL 21', 'WHT & PPN', 'PPh Badan', 'TAX UPDATE', 'CASH FLOW MANAGEMENT & TREASURY']"
3001.0,"['UPDATE PROGRAM E-SCAN FP', 'UPDATE PROGRAM E-SCAN FP', 'e-SCAN FP']"
3002.0,['PPh PASAL 21']
3006.0,['Jasa Transfer Pricing Document']
3010.0,['WHT & PPN']
3015.0,"['UPDATE PROGRAM E-SCAN FP', 'UPDATE PROGRAM E-SCAN FP', 'PPh PASAL 21', 'PPh PASAL 21']"
3016.0,"['WHT & PPN', 'PPh PASAL 21']"
3024.0,"['UPDATE PROGRAM E-SCAN FP', 'UPDATE PROGRAM E-SCAN FP']"
3029.0,['PPh PASAL 21']
3034.0,['CORETAX']
3036.0,"['Jasa Maintenance', 'UPDATE PROGRAM E-SCAN FP']"
3042.0,"['UPDATE PROGRAM E-SCAN FP', 'UPDATE PROGRAM E-SCAN FP']"
3048.0,['PPh PASAL 21']
3051.0,['PPh PASAL 21']
3058.0,['PPh PASAL 21']
3059.0,"['TAX UPDATE', 'TAX AUDIT', 'WHT & PPN']"
3074.0,"['TAX UPDATE', 'PPh Badan', 'PPh PASAL 21', 'PPh Badan', 'CORETAX']"
3076.0,"['CD PROGRAM PPh 21', 'CD PROGRAM PPh 21']"
3077.0,"['CD PROGRAM PPh 21', 'CD PROGRAM PPh 21', 'Program Excel PPh 21', 'Jasa Konsultasi']"
3084.0,"['Internal Tax Review', 'PPh PASAL 21', 'CORETAX']"
3091.0,['PPh PASAL 21']
3092.0,"['PPh Badan', 'PPh PASAL 21', 'TAX UPDATE', 'CORETAX']"
3093.0,"['E Scan FP + instalasi', 'UPDATE PROGRAM E-SCAN FP', 'e-SCAN FP']"
3094.0,['PPh PASAL 21']
3095.0,"['TAX UPDATE', 'PPh PASAL 21']"
3096.0,"['PPh PASAL 21', 'PPh PASAL 21', 'PPh PASAL 21', 'PPh PASAL 21']"
3099.0,['Program Excel PPh 21']
3102.0,['PPh PASAL 21']
3103.0,"['CD PROGRAM PPh 21', 'PPh PASAL 21', 'PPh PASAL 21', 'PPh PASAL 21', 'PPh PASAL 21', 'TAX UPDATE', 'PPh Badan']"
3106.0,"['PPh PASAL 21', 'PPh PASAL 21', 'PPh Badan', 'PPh PASAL 21', 'PPh PASAL 21', 'PPh Badan', 'PPh PASAL 21']"
3107.0,"['CD PROGRAM PPh 21', 'PPh Badan']"
3109.0,['PPh PASAL 21']
3111.0,"['PPh PASAL 21', 'PPh PASAL 21']"
3112.0,"['MEMBERSHIP', 'MEMBERSHIP', 'PPh PASAL 21']"
3113.0,"['UPDATE E-Scan FP WAPU', 'UPDATE E-Scan FP WAPU']"
3125.0,['CD PROGRAM PPh 21']
3126.0,"['PPh PASAL 21', 'PPh PASAL 21']"
3127.0,['TAX UPDATE']
3132.0,"['PPh Badan', 'TAX UPDATE']"
3134.0,"['PPh Badan', 'PPh PASAL 21', 'CORETAX']"
3136.0,"['TAX UPDATE', 'PPh Badan', 'PPh PASAL 21', 'PPh PASAL 21', 'PPh PASAL 21', 'PPh PASAL 21', 'PPh Badan', 'PPh PASAL 21', 'TAX UPDATE', 'PPh Badan']"
3139.0,"['CD PROGRAM PPh 21', 'CD PROGRAM PPh 21', 'PPh PASAL 21']"
3140.0,"['PPh PASAL 21', 'PPh PASAL 21', 'PPh PASAL 21']"
3141.0,"['PPh PASAL 21', 'PPh PASAL 21', 'PPh PASAL 21', 'TAX UPDATE']"
3142.0,"['CD PROGRAM PPh 21', 'MEMBERSHIP']"
3147.0,"['Jasa Maintenance', 'Jasa Maintenance', 'Jasa Maintenance', 'Jasa Maintenance', 'Jasa Maintenance', 'Jasa Maintenance', 'Internal Tax Review', 'Jasa Maintenance', 'Jasa Maintenance', 'Jasa Maintenance', 'Jasa Maintenance', 'Jasa Maintenance', 'Jasa Maintenance', 'Jasa Maintenance', 'Jasa Maintenance', 'Jasa Maintenance', 'Jasa Maintenance', 'Jasa Konsultasi', 'Jasa Konsultasi', 'Jasa Konsultasi', 'Jasa Konsultasi', 'Jasa Maintenance', 'Jasa Maintenance', 'Jasa Maintenance', 'Jasa Maintenance', 'Jasa Maintenance', 'Jasa Maintenance', 'Jasa Maintenance', 'Jasa Maintenance', 'Jasa Maintenance', 'Jasa Konsultasi', 'Jasa Maintenance', 'Jasa Maintenance', 'Jasa Maintenance', 'Jasa Maintenance', 'Jasa Maintenance', 'Jasa Maintenance', 'Jasa Maintenance', 'Jasa Maintenance']"
3150.0,"['UPDATE PROGRAM E-SCAN FP', 'UPDATE PROGRAM E-SCAN FP', 'e-SCAN FP']"
3151.0,"['PPh PASAL 21', 'PPh PASAL 21', 'PPh PASAL 21', 'CORETAX', 'PPh Badan']"
3155.0,"['EXCEL PPh 21', 'PPh PASAL 21', 'TAX UPDATE', 'PPh PASAL 21', 'EXCEL PPh 21', 'PPh PASAL 21']"
3157.0,"['EXCEL PPh 21', 'EXCEL PPh 21', 'EXCEL PPh 21', 'EXCEL PPh 21', 'EXCEL PPh 21', 'EXCEL PPh 21']"
3160.0,"['Jasa Maintenance', 'Jasa Maintenance', 'CD PROGRAM PPh 21', 'Jasa Maintenance', 'WHT & PPN', 'TRANSFER PRICING', 'Jasa Maintenance', 'PPh PASAL 21', 'PPh Badan', 'Jasa Konsultasi', 'PPh PASAL 21', 'In House Training', 'In House Training']"
3162.0,['EXCEL PPh 21']
3163.0,['UPDATE PROGRAM E-SCAN FP']
3169.0,"['Jasa Transfer Pricing Document', 'Jasa Transfer Pricing Document', 'Jasa Transfer Pricing Document']"
3170.0,"['MEMBERSHIP', 'TAX UPDATE']"
3173.0,"['IFRS', 'PPh PASAL 21']"
3174.0,"['Program Excel PPh 21', 'Program Excel PPh 21']"
3177.0,"['PPh PASAL 21', 'PPh PASAL 21', 'PPh PASAL 21']"
3180.0,['TAX UPDATE']
3181.0,['Jasa Transfer Pricing Document']
3193.0,['CD PROGRAM PPh 21']
3198.0,"['Jasa Transfer Pricing Document', 'Jasa Transfer Pricing Document', 'Jasa Transfer Pricing Document', 'Jasa Transfer Pricing Document', 'Jasa Transfer Pricing Document', 'Jasa Transfer Pricing Document', 'Jasa Transfer Pricing Document', 'Jasa Transfer Pricing Document']"
3205.0,['PPh Badan']
3209.0,['PPh PASAL 21']
3210.0,['WHT & PPN']
3213.0,"['PPh PASAL 21', 'TAX UPDATE', 'PPh PASAL 21', 'PPh PASAL 21', 'CORETAX']"
3220.0,"['PPh Badan', 'PPh PASAL 21', 'PPh PASAL 21', 'PPh PASAL 21']"
3223.0,['PPh Badan']
3225.0,"['Jasa Transfer Pricing Document', 'Jasa Transfer Pricing Document']"
3227.0,['CORETAX']
3230.0,['PPh PASAL 21']
3231.0,['PPh PASAL 21']
3235.0,['WHT & PPN']
3242.0,"['Jasa Transfer Pricing Document', 'Jasa Transfer Pricing Document', 'PPh PASAL 21', 'PPh PASAL 21']"
3244.0,"['EXCEL PPh 21', 'EXCEL PPh 21']"
3246.0,['CD PROGRAM PPh 21']
3248.0,['PPh PASAL 21']
3249.0,"['UPDATE PROGRAM E-SCAN FP', 'UPDATE PROGRAM E-SCAN FP', 'e-SCAN FP']"
3251.0,"['CD PROGRAM PPh 21', 'PPh PASAL 21']"
3253.0,"['PPh PASAL 21', 'PPh PASAL 21']"
3255.0,"['CD PROGRAM PPh 21', 'CD PROGRAM PPh 21', 'Program Excel PPh 21', 'Program Excel PPh 21']"
3258.0,"['MEMBERSHIP', 'MEMBERSHIP', 'MEMBERSHIP', 'MEMBERSHIP']"
3259.0,"['Jasa Transfer Pricing Document', 'Jasa Maintenance']"
3261.0,['TAX UPDATE']
3262.0,"['PPh PASAL 21', 'TAX UPDATE']"
3267.0,"['UPDATE PROGRAM E-SCAN FP', 'UPDATE PROGRAM E-SCAN FP', 'UPDATE PROGRAM E-SCAN FP']"
3268.0,"['UPDATE PROGRAM E-SCAN FP', 'UPDATE PROGRAM E-SCAN FP', 'e-SCAN FP']"
3281.0,"['Jasa Transfer Pricing Document', 'Jasa Transfer Pricing Document', 'Jasa Transfer Pricing Document', 'Jasa Transfer Pricing Document']"
3282.0,['Jasa Transfer Pricing Document']
3285.0,"['AKUNTANSI PERPAJAKAN', 'TAX UPDATE']"
3286.0,"['Jasa Transfer Pricing Document', 'Jasa Transfer Pricing Document', 'Jasa Transfer Pricing Document', 'Jasa Transfer Pricing Document', 'Jasa Transfer Pricing Document']"
3287.0,"['Jasa Transfer Pricing Document', 'Jasa Transfer Pricing Document']"
3290.0,"['Jasa Transfer Pricing Document', 'PPh PASAL 21', 'PPh PASAL 21', 'PPh PASAL 21']"
3292.0,"['Jasa Transfer Pricing Document', 'Jasa Transfer Pricing Document', 'Jasa Transfer Pricing Document', 'Jasa Transfer Pricing Document', 'Jasa Transfer Pricing Document', 'Jasa Transfer Pricing Document', 'Jasa Transfer Pricing Document', 'Jasa Transfer Pricing Document']"
3293.0,['Jasa Transfer Pricing Document']
3301.0,"['UPDATE PROGRAM E-SCAN FP', 'UPDATE PROGRAM E-SCAN FP', 'e-SCAN FP']"
3303.0,"['UPDATE PROGRAM E-SCAN FP', 'UPDATE PROGRAM E-SCAN FP']"
3304.0,"['CD PROGRAM PPh 21', 'Jasa Transfer Pricing Document', 'Jasa Transfer Pricing Document', 'PPh PASAL 21', 'Jasa Transfer Pricing Document', 'Jasa Transfer Pricing Document', 'Jasa Transfer Pricing Document', 'Jasa Transfer Pricing Document']"
3305.0,"['PPh PASAL 21', 'PPh PASAL 21', 'TAX UPDATE', 'PPh Badan']"
3306.0,"['TAX UPDATE', 'PPh PASAL 21', 'PPh PASAL 21', 'PPh PASAL 21', 'PPh PASAL 21']"
3308.0,"['TAX UPDATE', 'PPh PASAL 21', 'PPh Badan']"
3313.0,['WHT & PPN']
3314.0,"['PPh PASAL 21', 'TAX UPDATE']"
3317.0,"['TAX UPDATE', 'PPh PASAL 21']"
3318.0,['WHT & PPN']
3321.0,"['PPh PASAL 21', 'PPh PASAL 21']"
3322.0,"['PPh PASAL 21', 'Program Excel PPh 21']"
3330.0,['PPh Badan']
3331.0,"['UPDATE PROGRAM E-SCAN FP', 'PPh PASAL 21', 'PPh PASAL 21']"
3335.0,"['TAX UPDATE', 'PPh PASAL 21', 'TRANSFER PRICING', 'PPh PASAL 21', 'PPh PASAL 21', 'WHT & PPN', 'PPh PASAL 21', 'AKUNTANSI PERPAJAKAN', 'PPh PASAL 21', 'WHT & PPN', 'TAX UPDATE']"
3336.0,"['EXCEL PPh 21', 'EXCEL PPh 21', 'PPh PASAL 21', 'PPh PASAL 21', 'PPh PASAL 21', 'PPh PASAL 21', 'EXCEL PPh 21', 'EXCEL PPh 21']"
3338.0,"['TAX UPDATE', 'PPh PASAL 21', 'PPh PASAL 21', 'TAX UPDATE', 'TAX UPDATE']"
3346.0,"['PPh Badan', 'PPh PASAL 21', 'PPh PASAL 21']"
3348.0,['PPh PASAL 21']
3349.0,"['PPh PASAL 21', 'PPh PASAL 21', 'TRANSFER PRICING']"
3350.0,['PPh PASAL 21']
3351.0,['Jasa Konsultasi']
3353.0,['Program Excel PPh 21']
3354.0,['PPh PASAL 21']
3355.0,['PPh PASAL 21']
3356.0,"['PPh PASAL 21', 'PPh PASAL 21', 'PPh PASAL 21', 'PPh PASAL 21']"
3357.0,"['PPh PASAL 21', 'PPh PASAL 21', 'PPh PASAL 21']"
3358.0,"['PPh PASAL 21', 'WHT & PPN']"
3359.0,"['PPh PASAL 21', 'PPh PASAL 21', 'PPh PASAL 21']"
3361.0,['CD PROGRAM PPh 21']
3362.0,"['CD PROGRAM PPh 21', 'PPh PASAL 21', 'PPh PASAL 21']"
3363.0,['TAX UPDATE']
3364.0,['CD PROGRAM PPh 21']
3366.0,"['PPh PASAL 21', 'PPh PASAL 21']"
3367.0,['EXCEL PPh 21']
3368.0,"['PPh PASAL 21', 'PPh PASAL 21', 'PPh PASAL 21']"
3369.0,['PPh Badan']
3370.0,['EXCEL PPh 21']
3371.0,"['Jasa Transfer Pricing Document', 'Jasa Transfer Pricing Document', 'Jasa Transfer Pricing Document', 'Jasa Transfer Pricing Document']"
3372.0,"['Jasa Konsultasi', 'CD PROGRAM PPh 21', 'PPh Badan', 'CD PROGRAM PPh 21', 'Jasa Maintenance', 'PPh PASAL 21']"
3374.0,"['CD PROGRAM PPh 21', 'PPh PASAL 21', 'PPh PASAL 21']"
3376.0,['PPh Badan']
3377.0,"['CD PROGRAM PPh 21', 'CD PROGRAM PPh 21']"
3378.0,['PPh PASAL 21']
3379.0,['CD PROGRAM PPh 21']
3380.0,"['PPh PASAL 21', 'CORETAX']"
3381.0,['PPh PASAL 21']
3382.0,"['PPh PASAL 21', 'PPh PASAL 21']"
3383.0,"['PPh PASAL 21', 'TAX UPDATE']"
3385.0,"['CD PROGRAM PPh 21', 'PPh PASAL 21']"
3387.0,"['Jasa Transfer Pricing Document', 'Jasa Transfer Pricing Document']"
3388.0,"['CD PROGRAM PPh 21', 'EXCEL PPh 21', 'PPh PASAL 21', 'Program Excel PPh 21', 'PPh PASAL 21', 'Program Excel PPh 21', 'Program Excel PPh 21']"
3389.0,"['CD PROGRAM PPh 21', 'EXCEL PPh 21', 'EXCEL PPh 21', 'CD PROGRAM PPh 21', 'EXCEL PPh 21', 'Program Excel PPh 21', 'Program Excel PPh 21']"
3390.0,"['PPh PASAL 21', 'PPh PASAL 21', 'PPh Badan']"
3391.0,"['EXCEL PPh 21', 'EXCEL PPh 21', 'EXCEL PPh 21']"
3393.0,"['EXCEL PPh 21', 'EXCEL PPh 21', 'CORETAX', 'Jasa Konsultasi', 'EXCEL PPh 21']"
3394.0,"['TAX UPDATE', 'PPh PASAL 21', 'PPh PASAL 21']"
3395.0,['TAX UPDATE']
3396.0,"['TAX UPDATE', 'TAX UPDATE', 'PPh PASAL 21', 'PPh PASAL 21', 'PPh PASAL 21', 'PPh PASAL 21']"
3397.0,"['CD PROGRAM PPh 21', 'PPh PASAL 21', 'PPh PASAL 21', 'PPh PASAL 21']"
3399.0,"['CD PROGRAM PPh 21', 'PPh Badan', 'PPh PASAL 21', 'PPh PASAL 21', 'PPh PASAL 21', 'PPh Badan', 'PPh PASAL 21']"
3400.0,"['PPh PASAL 21', 'Internal Tax Review']"
3401.0,['PPh PASAL 21']
3402.0,"['Jasa Transfer Pricing Document', 'Jasa Transfer Pricing Document', 'Jasa Transfer Pricing Document', 'Jasa Transfer Pricing Document', 'Jasa Transfer Pricing Document', 'Jasa Transfer Pricing Document']"
3403.0,['TAX UPDATE']
3404.0,['PPh PASAL 21']
3405.0,"['Jasa Transfer Pricing Document', 'Jasa Transfer Pricing Document']"
3406.0,"['Jasa Transfer Pricing Document', 'Jasa Transfer Pricing Document', 'E Converter']"
3407.0,"['Jasa Transfer Pricing Document', 'Jasa Transfer Pricing Document', 'Jasa Transfer Pricing Document', 'Jasa Transfer Pricing Document']"
3408.0,"['Jasa Transfer Pricing Document', 'Jasa Transfer Pricing Document', 'Jasa Transfer Pricing Document', 'Jasa Transfer Pricing Document', 'Jasa Transfer Pricing Document', 'Jasa Transfer Pricing Document']"
3409.0,"['Jasa Transfer Pricing Document', 'Jasa Transfer Pricing Document', 'Jasa Transfer Pricing Document', 'Jasa Transfer Pricing Document', 'Jasa Transfer Pricing Document', 'Jasa Transfer Pricing Document', 'Jasa Transfer Pricing Document', 'Jasa Transfer Pricing Document', 'Jasa Transfer Pricing Document', 'Jasa Transfer Pricing Document']"
3410.0,['Jasa Transfer Pricing Document']
3411.0,"['Jasa Transfer Pricing Document', 'Jasa Transfer Pricing Document']"
3412.0,['PPh PASAL 21']
3414.0,"['Jasa Transfer Pricing Document', 'Jasa Transfer Pricing Document', 'Jasa Transfer Pricing Document', 'Jasa Transfer Pricing Document', 'Jasa Transfer Pricing Document']"
3415.0,['TAX UPDATE']
3416.0,['TAX UPDATE']
3418.0,"['WHT & PPN', 'Internal Tax Review']"
3420.0,['WHT & PPN']
3421.0,"['WHT & PPN', 'WHT & PPN']"
3422.0,['WHT & PPN']
3423.0,['WHT & PPN']
3424.0,"['WHT & PPN', 'PPh PASAL 21', 'WHT & PPN', 'TAX UPDATE']"
3425.0,['WHT & PPN']
3426.0,['WHT & PPN']
3427.0,['WHT & PPN']
3428.0,['Internal Tax Review']
3429.0,"['Internal Tax Review', 'CASH FLOW MANAGEMENT & TREASURY']"
3430.0,['MEMBERSHIP']
3431.0,"['Jasa Maintenance', 'Jasa Maintenance', 'Jasa Maintenance', 'Jasa Maintenance', 'Jasa Maintenance', 'Jasa Maintenance', 'Jasa Maintenance', 'Jasa Maintenance', 'Jasa Maintenance', 'Jasa Maintenance', 'Jasa Maintenance', 'Jasa Maintenance', 'Jasa Maintenance', 'Jasa Maintenance', 'Jasa Maintenance', 'Jasa Maintenance', 'Jasa Konsultasi', 'Jasa Konsultasi', 'Jasa Konsultasi', 'Jasa Konsultasi', 'Jasa Maintenance', 'Jasa Maintenance', 'Jasa Maintenance', 'Jasa Maintenance', 'Jasa Maintenance', 'Jasa Maintenance', 'Jasa Maintenance', 'Jasa Maintenance', 'Jasa Maintenance', 'Jasa Konsultasi', 'Jasa Maintenance', 'Jasa Maintenance', 'Jasa Maintenance', 'Jasa Maintenance', 'Jasa Maintenance', 'Jasa Maintenance', 'Jasa Maintenance', 'Jasa Maintenance']"
3432.0,['Internal Tax Review']
3433.0,['Internal Tax Review']
3434.0,['Internal Tax Review']
3435.0,['Internal Tax Review']
3437.0,"['PPh PASAL 21', 'PPh PASAL 21']"
3439.0,"['e-SCAN FP', 'UPDATE E-Scan FP WAPU']"
3441.0,['PPh Badan']
3442.0,"['Jasa Transfer Pricing Document', 'Jasa Transfer Pricing Document']"
3443.0,"['PPh Badan', 'EXIM']"
3445.0,"['Jasa Transfer Pricing Document', 'Jasa Transfer Pricing Document', 'Jasa Transfer Pricing Document', 'Jasa Transfer Pricing Document', 'Jasa Transfer Pricing Document']"
3446.0,"['WHT & PPN', 'PPh PASAL 21']"
3447.0,['PPh Badan']
3448.0,"['EXCEL PPh 21', 'CD PROGRAM PPh 21', 'EXCEL PPh 21', 'EXCEL PPh 21', 'EXCEL PPh 21', 'PPh PASAL 21', 'PPh PASAL 21', 'EXCEL PPh 21']"
3449.0,"['TRANSFER PRICING', 'PPh PASAL 21', 'PPh Badan', 'PPh PASAL 21']"
3450.0,"['Jasa Transfer Pricing Document', 'Jasa Transfer Pricing Document']"
3451.0,"['PPh PASAL 21', 'PPh PASAL 21']"
3452.0,"['PPh PASAL 21', 'PPh Badan']"
3453.0,"['WHT & PPN', 'PPh PASAL 21', 'PPh Badan', 'AKUNTANSI PERPAJAKAN', 'TRANSFER PRICING']"
3454.0,['TAX UPDATE']
3455.0,"['PPh Badan', 'TAX UPDATE']"
3456.0,"['PPh Badan', 'PPh PASAL 21']"
3457.0,"['PPh Badan', 'PPh PASAL 21', 'PPh PASAL 21', 'WHT & PPN']"
3458.0,"['PPh Badan', 'PPh PASAL 21']"
3459.0,['PPh Badan']
3460.0,['PPh PASAL 21']
3461.0,"['PPh PASAL 21', 'Jasa Konsultasi', 'PPh PASAL 21', 'PPh PASAL 21']"
3462.0,['TAX UPDATE']
3463.0,"['PPh PASAL 21', 'PPh Badan', 'PPh PASAL 21', 'CORETAX', 'WHT & PPN', 'PPh PASAL 21', 'PPh Badan']"
3464.0,"['Jasa Transfer Pricing Document', 'Jasa Transfer Pricing Document']"
3465.0,"['Jasa Transfer Pricing Document', 'Jasa Transfer Pricing Document']"
3466.0,"['Jasa Transfer Pricing Document', 'Jasa Transfer Pricing Document']"
3467.0,['PPh PASAL 21']
3468.0,['PPh PASAL 21']
3469.0,"['CD PROGRAM PPh 21', 'PPh PASAL 21', 'Program Excel PPh 21']"
3470.0,['WHT & PPN']
3471.0,['PPh PASAL 21']
3472.0,"['PPh PASAL 21', 'PPh PASAL 21']"
3473.0,"['EXCEL PPh 21', 'EXCEL PPh 21', 'EXCEL PPh 21', 'Program Excel PPh 21']"
3474.0,['PPh PASAL 21']
3475.0,['TAX UPDATE']
3476.0,"['PPh PASAL 21', 'PPh PASAL 21', 'PPh PASAL 21']"
3477.0,['PPh PASAL 21']
3478.0,"['PPh PASAL 21', 'TAX UPDATE', 'PPh PASAL 21']"
3479.0,['PPh PASAL 21']
3480.0,['PPh PASAL 21']
3481.0,"['PPh PASAL 21', 'PPh PASAL 21']"
3482.0,"['PPh PASAL 21', 'PPh PASAL 21']"
3483.0,['PPh PASAL 21']
3484.0,['PPh PASAL 21']
3485.0,['WHT & PPN']
3486.0,['WHT & PPN']
3487.0,"['CD PROGRAM PPh 21', 'PPh PASAL 21', 'PPh PASAL 21', 'TAX UPDATE']"
3488.0,"['EXCEL PPh 21', 'EXCEL PPh 21']"
3489.0,"['EXCEL PPh 21', 'EXCEL PPh 21', 'EXCEL PPh 21']"
3490.0,"['EXCEL PPh 21', 'EXCEL PPh 21', 'EXCEL PPh 21']"
3491.0,"['EXCEL PPh 21', 'EXCEL PPh 21']"
3492.0,['EXCEL PPh 21']
3493.0,"['EXCEL PPh 21', 'EXCEL PPh 21']"
3494.0,"['EXCEL PPh 21', 'EXCEL PPh 21', 'EXCEL PPh 21']"
3495.0,"['PPh PASAL 21', 'TAX UPDATE', 'PPh PASAL 21', 'TAX UPDATE']"
3496.0,['CD PROGRAM PPh 21']
3497.0,"['EXCEL PPh 21', 'EXCEL PPh 21']"
3498.0,['PPh PASAL 21']
3499.0,"['PPh PASAL 21', 'PPh PASAL 21', 'PPh PASAL 21']"
3502.0,['TAX UPDATE']
3503.0,['PPh PASAL 21']
3504.0,"['PPh PASAL 21', 'PPh PASAL 21', 'PPh PASAL 21']"
3505.0,['PPh PASAL 21']
3506.0,['PPh PASAL 21']
3507.0,['PPh PASAL 21']
3509.0,['PPh PASAL 21']
3510.0,"['PPh PASAL 21', 'PPh PASAL 21']"
3511.0,['PPh PASAL 21']
3514.0,['PPh PASAL 21']
3515.0,"['In House Training', 'In House Training', 'PPh Badan', 'In House Training', 'In House Training', 'Jasa Konsultasi']"
3516.0,"['PPh Badan', 'WHT & PPN', 'PPh PASAL 21', 'PPh Badan', 'CORETAX', 'PPh PASAL 21']"
3517.0,"['PPh Badan', 'PPh PASAL 21', 'In House Training']"
3519.0,['CD PROGRAM PPh 21']
3520.0,"['Jasa Transfer Pricing Document', 'Jasa Transfer Pricing Document', 'Jasa Transfer Pricing Document']"
3521.0,['TAX UPDATE']
3522.0,['PPh Badan']
3523.0,['EXCEL PPh 21']
3524.0,"['PPh Badan', 'WHT & PPN']"
3525.0,['IFRS']
3526.0,['UPDATE PROGRAM E-SCAN FP']
3527.0,"['WHT & PPN', 'PPh PASAL 21']"
3528.0,['EXCEL PPh 21']
3529.0,"['AKUNTANSI PERPAJAKAN', 'PPh PASAL 21']"
3531.0,"['EXCEL PPh 21', 'EXCEL PPh 21', 'EXCEL PPh 21']"
3532.0,"['EXCEL PPh 21', 'EXCEL PPh 21']"
3533.0,"['EXCEL PPh 21', 'EXCEL PPh 21']"
3535.0,"['IFRS', 'PPh PASAL 21']"
3537.0,['TRANSFER PRICING']
3538.0,"['Jasa Konsultasi', 'Jasa Konsultasi', 'Jasa Konsultasi']"
3539.0,['TRANSFER PRICING']
3540.0,['TRANSFER PRICING']
3541.0,"['PPh PASAL 21', 'CORETAX', 'CORETAX', 'PPh PASAL 21']"
3542.0,['TAX UPDATE']
3543.0,['TAX UPDATE']
3544.0,"['TAX UPDATE', 'TAX UPDATE']"
3545.0,['EXCEL PPh 21']
3550.0,['PPh PASAL 21']
3552.0,['PPh PASAL 21']
3554.0,['PPh PASAL 21']
3555.0,['TAX UPDATE']
3556.0,"['Jasa Transfer Pricing Document', 'Jasa Transfer Pricing Document', 'Jasa Transfer Pricing Document']"
3557.0,"['MEMBERSHIP', 'PPh PASAL 21', 'CORETAX']"
3558.0,"['PPh PASAL 21', 'TRANSFER PRICING', 'TAX AUDIT']"
3559.0,"['PPh PASAL 21', 'PPh PASAL 21']"
3560.0,['EXCEL PPh 21']
3561.0,"['TAX UPDATE', 'CORETAX']"
3562.0,['EXCEL PPh 21']
3563.0,['PPh PASAL 21']
3565.0,"['TRANSFER PRICING', 'PPh PASAL 21', 'Jasa Transfer Pricing Document', 'Jasa Transfer Pricing Document', 'Jasa Transfer Pricing Document', 'Jasa Transfer Pricing Document', 'CORETAX']"
3568.0,['EXCEL PPh 21']
3569.0,['EXCEL PPh 21']
3570.0,['PPh PASAL 21']
3571.0,"['PPh Badan', 'PPh PASAL 21', 'WHT & PPN']"
3572.0,['PPh PASAL 21']
3573.0,['PPh PASAL 21']
3574.0,['PPh PASAL 21']
3575.0,"['PPh PASAL 21', 'Program Excel PPh 21']"
3576.0,"['WHT & PPN', 'TAX UPDATE', 'CORETAX', 'PPh Badan']"
3577.0,"['PPh PASAL 21', 'PPh Badan', 'WHT & PPN']"
3579.0,['EXCEL PPh 21']
3580.0,['EXIM']
3581.0,"['PPh Badan', 'PPh PASAL 21']"
3582.0,['PPh Badan']
3583.0,['PPh Badan']
3585.0,['PPh Badan']
3586.0,"['PPh Badan', 'PPh Badan']"
3587.0,"['PPh Badan', 'WHT & PPN', 'PPh Badan']"
3588.0,['PPh Badan']
3589.0,['PPh PASAL 21']
3591.0,['PPh PASAL 21']
3593.0,['PPh PASAL 21']
3594.0,['WHT & PPN']
3595.0,['PPh PASAL 21']
3596.0,['PPh PASAL 21']
3597.0,['PPh PASAL 21']
3598.0,"['In House Training', 'In House Training']"
3602.0,['PPh PASAL 21']
3605.0,"['PPh PASAL 21', 'PPh PASAL 21']"
3606.0,"['PPh PASAL 21', 'PPh PASAL 21']"
3607.0,['PPh PASAL 21']
3608.0,['PPh PASAL 21']
3609.0,"['PPh PASAL 21', 'PPh PASAL 21']"
3610.0,['PPh PASAL 21']
3612.0,['PPh PASAL 21']
3613.0,['PPh PASAL 21']
3614.0,['PPh PASAL 21']
3615.0,['Jasa Konsultasi']
3616.0,['TAX AUDIT']
3617.0,"['PPh PASAL 21', 'PPh PASAL 21', 'CORETAX']"
3618.0,"['PPh PASAL 21', 'PPh PASAL 21']"
3619.0,['PPh PASAL 21']
3623.0,"['PPh PASAL 21', 'CORETAX']"
3624.0,"['PPh PASAL 21', 'PPh PASAL 21']"
3625.0,"['PPh PASAL 21', 'PPh PASAL 21']"
3626.0,['PPh PASAL 21']
3627.0,['PPh PASAL 21']
3628.0,"['PPh PASAL 21', 'PPh PASAL 21']"
3629.0,['PPh PASAL 21']
3630.0,['PPh PASAL 21']
3631.0,"['Program Excel PPh 21', 'PPh PASAL 21']"
3632.0,['PPh PASAL 21']
3633.0,['PPh PASAL 21']
3634.0,['PPh PASAL 21']
3635.0,['PPh PASAL 21']
3636.0,['PPh PASAL 21']
3637.0,['TAX AUDIT']
3638.0,['PPh PASAL 21']
3639.0,['PPh PASAL 21']
3640.0,['PPh PASAL 21']
3641.0,['PPh PASAL 21']
3642.0,['PPh PASAL 21']
3643.0,['PPh PASAL 21']
3644.0,['PPh PASAL 21']
3645.0,"['PPh PASAL 21', 'WHT & PPN']"
3646.0,['PPh PASAL 21']
3647.0,['PPh PASAL 21']
3648.0,['PPh PASAL 21']
3649.0,"['PPh PASAL 21', 'PPh PASAL 21']"
3650.0,"['In House Training', 'In House Training']"
3651.0,['PPh PASAL 21']
3652.0,['PPh PASAL 21']
3653.0,"['PPh PASAL 21', 'PPh PASAL 21']"
3654.0,['In House Training']
3655.0,"['PPh PASAL 21', 'WHT & PPN']"
3656.0,['PPh PASAL 21']
3657.0,"['Jasa Transfer Pricing Document', 'Jasa Transfer Pricing Document', 'Jasa Transfer Pricing Document', 'Jasa Transfer Pricing Document']"
3658.0,"['Jasa Transfer Pricing Document', 'Jasa Transfer Pricing Document', 'Jasa Transfer Pricing Document', 'Jasa Transfer Pricing Document']"
3659.0,"['PPh PASAL 21', 'TAX UPDATE']"
3661.0,['PPh PASAL 21']
3662.0,['PPh PASAL 21']
3663.0,['PPh PASAL 21']
3664.0,"['PPh PASAL 21', 'CASH FLOW MANAGEMENT & TREASURY']"
3665.0,['PPh PASAL 21']
3667.0,['PPh PASAL 21']
3668.0,['PPh PASAL 21']
3669.0,['PPh PASAL 21']
3670.0,['PPh PASAL 21']
3671.0,['PPh PASAL 21']
3672.0,['PPh PASAL 21']
3673.0,['PPh PASAL 21']
3674.0,"['PPh PASAL 21', 'PPh PASAL 21', 'Jasa Konsultasi', 'Jasa Konsultasi']"
3675.0,['PPh PASAL 21']
3676.0,['PPh PASAL 21']
3677.0,"['PPh PASAL 21', 'PPh PASAL 21', 'PPh Badan', 'COST ACCOUNTING']"
3678.0,['PPh PASAL 21']
3679.0,['PPh PASAL 21']
3681.0,['PPh PASAL 21']
3683.0,"['PPh PASAL 21', 'TAX UPDATE']"
3684.0,['PPh PASAL 21']
3685.0,"['PPh PASAL 21', 'PPh Badan']"
3686.0,"['PPh PASAL 21', 'WHT & PPN']"
3688.0,"['In House Training', 'In House Training']"
3689.0,['EXCEL PPh 21']
3690.0,"['EXCEL PPh 21', 'EXCEL PPh 21', 'EXCEL PPh 21']"
3691.0,"['PPh PASAL 21', 'WHT & PPN']"
3693.0,['PPh PASAL 21']
3694.0,"['PPh PASAL 21', 'WHT & PPN', 'PPh PASAL 21']"
3695.0,['PPh PASAL 21']
3696.0,['Program Excel PPh 21']
3697.0,['PPh PASAL 21']
3698.0,['TAX UPDATE']
3699.0,['PPh PASAL 21']
3700.0,['EXCEL PPh 21']
3701.0,['EXCEL PPh 21']
3702.0,['EXCEL PPh 21']
3703.0,['EXCEL PPh 21']
3704.0,['EXCEL PPh 21']
3705.0,['EXCEL PPh 21']
3706.0,['EXCEL PPh 21']
3707.0,['EXCEL PPh 21']
3708.0,['EXCEL PPh 21']
3709.0,['PPh PASAL 21']
3710.0,"['PPh PASAL 21', 'PPh PASAL 21']"
3711.0,['PPh PASAL 21']
3712.0,['In House Training']
3713.0,"['In House Training', 'PPh PASAL 21', 'PPh PASAL 21', 'PPh Badan', 'PPh PASAL 21']"
3714.0,"['PPh PASAL 21', 'PPh Badan', 'Program Excel PPh 21']"
3715.0,['PPh PASAL 21']
3716.0,"['PPh PASAL 21', 'PPh PASAL 21']"
3717.0,['EXCEL PPh 21']
3718.0,"['EXCEL PPh 21', 'EXCEL PPh 21']"
3719.0,['PPh PASAL 21']
3720.0,['PPh PASAL 21']
3721.0,"['PPh PASAL 21', 'PPh PASAL 21', 'PPh PASAL 21', 'PPh PASAL 21']"
3722.0,['PPh PASAL 21']
3723.0,['PPh PASAL 21']
3724.0,"['Program Excel PPh 21', 'Program Excel PPh 21']"
3725.0,['PPh PASAL 21']
3726.0,['PPh PASAL 21']
3727.0,['PPh PASAL 21']
3728.0,['PPh Badan']
3729.0,['PPh Badan']
3730.0,['Jasa Transfer Pricing Document']
3731.0,"['Jasa Transfer Pricing Document', 'Jasa Transfer Pricing Document']"
3732.0,"['Jasa Transfer Pricing Document', 'Jasa Transfer Pricing Document']"
3733.0,"['Jasa Transfer Pricing Document', 'Jasa Transfer Pricing Document']"
3734.0,"['Jasa Transfer Pricing Document', 'Jasa Transfer Pricing Document']"
3735.0,"['Jasa Transfer Pricing Document', 'Jasa Transfer Pricing Document']"
3736.0,"['Jasa Transfer Pricing Document', 'Jasa Transfer Pricing Document']"
3737.0,['Jasa Transfer Pricing Document']
3738.0,"['Jasa Transfer Pricing Document', 'Jasa Transfer Pricing Document']"
3739.0,['PPh PASAL 21']
3740.0,['PPh PASAL 21']
3741.0,['PPh Badan']
3742.0,['PPh PASAL 21']
3743.0,['PPh PASAL 21']
3744.0,"['PPh PASAL 21', 'WHT & PPN']"
3745.0,['PPh PASAL 21']
3746.0,"['PPh PASAL 21', 'WHT & PPN']"
3747.0,['PPh PASAL 21']
3752.0,['PPh Badan']
3753.0,['PPh PASAL 21']
3754.0,['Program Excel PPh 21']
3755.0,"['Jasa Transfer Pricing Document', 'Jasa Transfer Pricing Document', 'Jasa Transfer Pricing Document']"
3756.0,"['Jasa Transfer Pricing Document', 'Jasa Transfer Pricing Document', 'Jasa Transfer Pricing Document', 'Jasa Transfer Pricing Document']"
3757.0,"['Jasa Transfer Pricing Document', 'Jasa Transfer Pricing Document', 'Jasa Transfer Pricing Document', 'Jasa Transfer Pricing Document']"
3758.0,['PPh PASAL 21']
3759.0,"['PPh PASAL 21', 'PPh PASAL 21']"
3760.0,['TRANSFER PRICING']
3761.0,['EXCEL PPh 21']
3763.0,"['PPh PASAL 21', 'CORETAX']"
3764.0,['PPh PASAL 21']
3765.0,['PPh PASAL 21']
3766.0,['PPh PASAL 21']
3767.0,"['Jasa Transfer Pricing Document', 'Jasa Transfer Pricing Document', 'Jasa Transfer Pricing Document']"
3768.0,['EXCEL PPh 21']
3769.0,"['Jasa Transfer Pricing Document', 'Jasa Transfer Pricing Document', 'Jasa Transfer Pricing Document', 'Jasa Transfer Pricing Document']"
3770.0,"['Jasa Transfer Pricing Document', 'Jasa Transfer Pricing Document']"
3771.0,['TAX AUDIT']
3772.0,"['Jasa Transfer Pricing Document', 'Jasa Transfer Pricing Document']"
3773.0,"['PPh PASAL 21', 'PPh PASAL 21']"
3775.0,"['Jasa Transfer Pricing Document', 'Jasa Transfer Pricing Document', 'Jasa Transfer Pricing Document']"
3779.0,"['COST ACCOUNTING', 'AKUNTANSI PERPAJAKAN']"
3780.0,['AKUNTANSI PERPAJAKAN']
3781.0,"['COST ACCOUNTING', 'AKUNTANSI PERPAJAKAN']"
3782.0,"['MEMBERSHIP', 'In House Training']"
3783.0,['Jasa Transfer Pricing Document']
3786.0,['TAX UPDATE']
3787.0,['TAX UPDATE']
3789.0,['TAX UPDATE']
3790.0,['TAX UPDATE']
3791.0,['TAX UPDATE']
3792.0,['TAX UPDATE']
3794.0,['TRANSFER PRICING']
3795.0,['PPh PASAL 21']
3796.0,"['PPh PASAL 21', 'PPh PASAL 21']"
3797.0,"['Jasa Transfer Pricing Document', 'Jasa Transfer Pricing Document', 'Jasa Transfer Pricing Document', 'Jasa Transfer Pricing Document', 'PPh PASAL 21']"
3798.0,['PPh PASAL 21']
3799.0,['PPh PASAL 21']
3800.0,['PPh PASAL 21']
3801.0,['PPh PASAL 21']
3802.0,['PPh PASAL 21']
3803.0,['TAX UPDATE']
3804.0,['PPh PASAL 21']
3805.0,['PPh PASAL 21']
3807.0,['TAX UPDATE']
3808.0,['TAX UPDATE']
3809.0,['TAX UPDATE']
3810.0,['TAX UPDATE']
3813.0,['PPh PASAL 21']
3814.0,['PPh PASAL 21']
3815.0,"['PPh Badan', 'PPh PASAL 21']"
3817.0,['PPh Badan']
3818.0,['PPh PASAL 21']
3819.0,"['PPh PASAL 21', 'CORETAX']"
3820.0,['CORETAX']
3821.0,['PPh PASAL 21']
3822.0,['CORETAX']
3823.0,['CORETAX']
3824.0,['PPh PASAL 21']
3825.0,['CORETAX']
3826.0,['CORETAX']
3827.0,['PPh PASAL 21']
3829.0,['CORETAX']
3831.0,['PPh PASAL 21']
3832.0,['CORETAX']
3833.0,['TAX UPDATE']
3834.0,"['WHT & PPN', 'PPh Badan', 'TAX UPDATE']"
3835.0,['PPh PASAL 21']
3837.0,['CORETAX']
3838.0,['CORETAX']
3840.0,['CORETAX']
3841.0,['CORETAX']
3842.0,['PPh PASAL 21']
3843.0,['CORETAX']
3844.0,['In House Training']
3845.0,['In House Training']
3846.0,['PPh PASAL 21']
3847.0,['PPh PASAL 21']
3848.0,"['CORETAX', 'PPh Badan']"
3849.0,['PPh PASAL 21']
3850.0,['WHT & PPN']
3851.0,['WHT & PPN']
3852.0,"['CORETAX', 'PPh PASAL 21', 'TAX UPDATE']"
3853.0,"['CORETAX', 'WHT & PPN']"
3854.0,['CORETAX']
3855.0,"['CORETAX', 'WHT & PPN']"
3856.0,['PPh PASAL 21']
3857.0,['WHT & PPN']
3858.0,['PPh PASAL 21']
3859.0,"['WHT & PPN', 'TAX UPDATE']"
3860.0,['WHT & PPN']
3861.0,"['PPh PASAL 21', 'PPh PASAL 21']"
3862.0,['WHT & PPN']
3863.0,['PPh PASAL 21']
3864.0,['TAX UPDATE']
3867.0,['WHT & PPN']
3868.0,"['Jasa Transfer Pricing Document', 'Jasa Transfer Pricing Document']"
3869.0,['PPh Badan']
3870.0,['WHT & PPN']
3871.0,"['WHT & PPN', 'TAX UPDATE']"
3874.0,['CORETAX']
3875.0,"['EXCEL PPh 21', 'EXCEL PPh 21']"
3876.0,['EXCEL PPh 21']
3877.0,['EXCEL PPh 21']
3879.0,['CORETAX']
3880.0,['PPh PASAL 21']
3881.0,['EXCEL PPh 21']
3882.0,['PPh PASAL 21']
3883.0,['PPh PASAL 21']
3884.0,['PPh PASAL 21']
3885.0,['Program Excel PPh 21']
3886.0,"['Jasa Transfer Pricing Document', 'Jasa Transfer Pricing Document']"
3887.0,['PPh PASAL 21']
3888.0,['PPh PASAL 21']
3889.0,"['PPh Badan', 'PPh Badan']"
3890.0,"['Jasa Transfer Pricing Document', 'Jasa Transfer Pricing Document']"
3891.0,['TAX UPDATE']
3892.0,"['WHT & PPN', 'TAX UPDATE']"
3893.0,['CORETAX']
3894.0,['Jasa Transfer Pricing Document']
3895.0,['CORETAX']
3897.0,['CORETAX']
3898.0,['TAX UPDATE']
3899.0,['TAX UPDATE']
3900.0,['TAX UPDATE']
3901.0,['TAX UPDATE']
3902.0,['TAX UPDATE']
3904.0,['TAX UPDATE']
3905.0,['TAX UPDATE']
3906.0,['PPh PASAL 21']
3907.0,['PPh Badan']
3908.0,"['WHT & PPN', 'TAX UPDATE']"
3910.0,['PPh Badan']
3911.0,['PPh Badan']
3912.0,['Jasa Transfer Pricing Document']
3913.0,['Jasa Transfer Pricing Document']
3916.0,['TAX UPDATE']
3917.0,['TAX UPDATE']
3918.0,['TAX UPDATE']
3919.0,['EXCEL PPh 21']
3920.0,['PPh Badan']
3921.0,['PPh PASAL 21']
3922.0,['PPh Badan']
3923.0,['Jasa Transfer Pricing Document']
3924.0,['EXCEL PPh 21']
3925.0,['EXCEL PPh 21']
3926.0,['PPh Badan']
3927.0,['PPh Badan']
3928.0,['Jasa Transfer Pricing Document']
3929.0,['Jasa Transfer Pricing Document']
3930.0,['TRANSFER PRICING']
3931.0,['PPh Badan']
